Workbook

Sheet Trial Balance
B2: Trial Balance
A3: សំរាប់ខែ Sep
A5: Note | B5: A/c Code | D5: Description | E5: Debit | F5: Credit | G5: Year to date Last month | I5: Year to date Current month
G6: Debit | H6: Credit | I6: Debit | J6: Credit
A7: BS | B7: 10000 | D7: ទ្រព្យ
A8: BS | B8: 11000 | D8: សាច់ប្រាក់
A9: BS | C9: 11001 | D9: សាច់ប្រាក់នៅបេលា | I9: =E9 -> 0 | J9: =F9 -> 0
A10: BS | C10: 11002 | D10: សាច់ប្រាក់នៅធនាគា ACLEDA | E10: 2213 | I10: =E10 -> 2213 | J10: =F10 -> 0
A11: BS | C11: 11003 | D11: សាច់ប្រាក់នៅធនាគា ABA | I11: =E11 -> 0 | J11: =F11 -> 0
A12: BS | I12: =E12 -> 0 | J12: =F12 -> 0
A13: BS | B13: 12000 | D13: គណនីត្រូវទទូលបាន​(គេជំពាក់យើង) | I13: =E13 -> 0 | J13: =F13 -> 0
A14: BS | C14: 12001 | D14: បុគ្គលិកជំពាក់ | E14: 50 | I14: =E14 -> 50 | J14: =F14 -> 0
A15: BS | C15: 12002 | D15: អតិថិជនជំពាក់ | I15: =E15 -> 0 | J15: =F15 -> 0
A16: BS | C16: 12003 | D16: គណនីត្រូវទទូលផ្សេងៗ | I16: =E16 -> 0 | J16: =F16 -> 0
A17: BS | I17: =E17 -> 0 | J17: =F17 -> 0
A18: BS | B18: 13000 | D18: ស្តុកថ្មី | I18: =E18 -> 0 | J18: =F18 -> 0
A19: BS | C19: 13110 | D19: ម៉ាស៊ីនត្រជាក់ជាប់ជញ្ជាំង Panasonic | E19: 906.67 | I19: =E19 -> 906.67 | J19: =F19 -> 0
A20: BS | C20: 13120 | D20: ម៉ាស៊ីនត្រជាក់ជាប់ពិដាន Panasonic | I20: =E20 -> 0 | J20: =F20 -> 0
A21: BS | C21: 13130 | D21: ម៉ាស៊ីនត្រជាក់បញ្ឈរ Panasonic | I21: =E21 -> 0 | J21: =F21 -> 0
A22: BS | C22: 13210 | D22: ម៉ាស៊ីនត្រជាក់ជាប់ជញ្ជាំង Daikin | I22: =E22 -> 0 | J22: =F22 -> 0
A23: BS | C23: 13220 | D23: ម៉ាស៊ីនត្រជាក់ជាប់ពិដាន Daikin | I23: =E23 -> 0 | J23: =F23 -> 0
A24: BS | C24: 13230 | D24: ម៉ាស៊ីនត្រជាក់បញ្ឈរ Daikin | I24: =E24 -> 0 | J24: =F24 -> 0
A25: BS | C25: 13310 | D25: ម៉ាស៊ីនត្រជាក់ជាប់ជញ្ជាំង LG | I25: =E25 -> 0 | J25: =F25 -> 0
A26: BS | C26: 13320 | D26: ម៉ាស៊ីនត្រជាក់ជាប់ពិដាន LG | I26: =E26 -> 0 | J26: =F26 -> 0
A27: BS | C27: 13330 | D27: ម៉ាស៊ីនត្រជាក់បញ្ឈរ LG | I27: =E27 -> 0 | J27: =F27 -> 0
A28: BS | C28: 13310 | D28: ម៉ាស៊ីនត្រជាក់ជាប់ជញ្ជាំង Gree | I28: =E28 -> 0 | J28: =F28 -> 0
A29: BS | C29: 13320 | D29: ម៉ាស៊ីនត្រជាក់ជាប់ពិដាន Gree | I29: =E29 -> 0 | J29: =F29 -> 0
A30: BS | C30: 13330 | D30: ម៉ាស៊ីនត្រជាក់បញ្ឈរ Gree | I30: =E30 -> 0 | J30: =F30 -> 0
A31: BS | C31: 13400 | D31: ទុយោស្ពាន់ | I31: =E31 -> 0 | J31: =F31 -> 0
A32: BS | C32: 13500 | D32: ហ្គេនទុយោស្ពាន់ | E32: 238.96 | I32: =E32 -> 238.96 | J32: =F32 -> 0
A33: BS | C33: 13600 | D33: ប្រអប់ខ្សែភ្លើង | I33: =E33 -> 0 | J33: =F33 -> 0
A34: BS | C34: 13700 | D34: ខ្សែភ្លើង | I34: =E34 -> 0 | J34: =F34 -> 0
A35: BS | C35: 14100 | D35: ម៉ាស៊ីនបោកខោអាវ | I35: =E35 -> 0 | J35: =F35 -> 0
A36: BS | C36: 14200 | D36: ទូទឹកកក | I36: =E36 -> 0 | J36: =F36 -> 0
A37: BS | C37: 14300 | D37: ម៉ូទ័រជុំរុញទឹក | I37: =E37 -> 0 | J37: =F37 -> 0
A38: BS | C38: 14400 | D38: (ឆ្នាំងបាយ,កង្ហា,ម៉ាស៊ីនទឹកក្តៅទឹកត្រជាក់....) | I38: =E38 -> 0 | J38: =F38 -> 0
A39: BS | C39: 14500 | D39: សម្ភារះសម្រាប់ជាងប្រប្រាស់ | I39: =E39 -> 0 | J39: =F39 -> 0
I40: =E40 -> 0 | J40: =F40 -> 0
A41: BS | B41: 18000 | D41: ស្តុក Second hand | I41: =E41 -> 0 | J41: =F41 -> 0
A42: BS | C42: 18100 | D42: ម៉ាស៊ីនត្រជាក់ | I42: =E42 -> 0 | J42: =F42 -> 0
A43: BS | C43: 18200 | D43: ម៉ាស៊ីនបោកខោអាវ | I43: =E43 -> 0 | J43: =F43 -> 0
A44: BS | C44: 18300 | D44: ទូទឹកកក | I44: =E44 -> 0 | J44: =F44 -> 0
A45: BS | C45: 18400 | D45: ម៉ូទ័រជុំរុញទឹក | I45: =E45 -> 0 | J45: =F45 -> 0
I46: =E46 -> 0 | J46: =F46 -> 0
B47: 20000 | D47: បំណុល | I47: =E47 -> 0 | J47: =F47 -> 0
A48: BS | C48: 20001 | D48: ជំពាក់ថ្លៃម៉ាស៊ីនត្រជាក់ | I48: =E48 -> 0 | J48: =F48 -> 0
A49: BS | C49: 20002 | D49: ជំពាក់ម៉ាស៊ីនបោកក់ | I49: =E49 -> 0 | J49: =F49 -> 0
A50: BS | C50: 20003 | D50: ជំពាក់ទៅអ្នកផ្គត់ផ្គង់ផ្សេងៗ | I50: =E50 -> 0 | J50: =F50 -> 0
A51: BS | C51: 20004 | D51: អតិថិជនកក់ | I51: =E51 -> 0 | J51: =F51 -> 0
A52: BS | C52: 20005 | D52: ភ្ញៀវអោយធីបជាង | I52: =E52 -> 0 | J52: =F52 -> 0
A53: BS | B53: 21000 | D53: អត្ថប្រយោជន៍បន្ថែមទៅបុគ្គលិក | I53: =E53 -> 0 | J53: =F53 -> 0
A54: BS | C54: 21001 | D54: អត្ថប្រយោជន៍បន្ថែមទៅបុគ្គលិក | I54: =E54 -> 0 | J54: =F54 -> 0
A55: BS | B55: 30000 | D55: ដើមទុន | I55: =E55 -> 0 | J55: =F55 -> 0
A56: BS | C56: 30001 | D56: ដើមទុនវិនិយោគ | F56: =3000+100 -> 3100 | I56: =E56 -> 0 | J56: =F56 -> 3100
A57: BS | C57: 30002 | D57: ចំណេញ/​ខាត​(-) ក្នុងឆ្នាំ 2026 | I57: =E57 -> 0 | J57: =F57 -> 0
A58: BS | C58: 30003 | D58: ចំណេញ/​ខាត​(-) ខែមុន 2023 and 2024,2025 | I58: =E58 -> 0 | J58: =F58 -> 0
B59: 40000 | D59: ចំណូល
A60: P&L | C60: 40001 | D60: ចំណូលពីការលក់ | I60: =G60+E60 -> 0 | J60: =H60+F60 -> 0
A61: P&L | C61: 40002 | D61: ចំណូលពីការសេវាកម្ម | I61: =G61+E61 -> 0 | J61: =H61+F61 -> 0
A62: P&L | C62: 40004 | D62: ចំណូលពីការលក់ (ក្នុងបូរី) | F62: =500+95+45+550+108 -> 1298 | I62: =G62+E62 -> 0 | J62: =H62+F62 -> 1298
A63: P&L | C63: 40005 | D63: ចំណូលពីការសេវាកម្ម (ក្នុងបូរី) | F63: =30+15+30 -> 75 | I63: =G63+E63 -> 0 | J63: =H63+F63 -> 75
A64: P&L | C64: 40006 | D64: ចំណូលផ្សេងៗ | I64: =G64+E64 -> 0 | J64: =H64+F64 -> 0
A65: P&L | I65: =G65+E65 -> 0 | J65: =H65+F65 -> 0
A66: P&L | B66: 5000- | D66: ចំណាយ | I66: =G66+E66 -> 0 | J66: =H66+F66 -> 0
A67: P&L | C67: 50001 | D67: ចំណាយទៅលើថ្លៃដើម | E67: 1054.37 | I67: =G67+E67 -> 1054.37 | J67: =H67+F67 -> 0
A68: P&L | C68: 50002 | D68: ចំណាយប្រាក់ខែបុគ្គលិក | I68: =G68+E68 -> 0 | J68: =H68+F68 -> 0
A69: P&L | C69: 50003 | D69: អត្ថប្រយោជន៍បន្ថែមទៅបុគ្គលិក | I69: =G69+E69 -> 0 | J69: =H69+F69 -> 0
A70: P&L | C70: 50004 | D70: ចំណាយសំរាប់សំភារៈការិយាល័យ | I70: =G70+E70 -> 0 | J70: =H70+F70 -> 0
A71: P&L | C71: 50005 | D71: សំភារះជាងប្រើប្រាស់ | I71: =G71+E71 -> 0 | J71: =H71+F71 -> 0
A72: P&L | C72: 50006 | D72: ចំណាយជួល Office | I72: =G72+E72 -> 0 | J72: =H72+F72 -> 0
A73: P&L | C73: 50007 | D73: ចំណាយទឹកភ្លើង | I73: =G73+E73 -> 0 | J73: =H73+F73 -> 0
A74: P&L | C74: 50008 | D74: ចំណាយ​ជូសជុល Office | I74: =G74+E74 -> 0 | J74: =H74+F74 -> 0
A75: P&L | C75: 50009 | D75: ចំណាយទៅលើការផ្សោះផ្សាយ | I75: =G75+E75 -> 0 | J75: =H75+F75 -> 0
A76: P&L | C76: 50010 | D76: ចំណាយ​ទៅលើកាធ្វើដំណើរ | I76: =G76+E76 -> 0 | J76: =H76+F76 -> 0
A77: P&L | C77: 50011 | D77: ចំណាយ​ផ្សេងៗ | I77: =G77+E77 -> 0 | J77: =H77+F77 -> 0
A78: P&L | C78: 50012 | D78: ចំណាយ​បញ្ចុះតម្លៃ | E78: 10 | I78: =G78+E78 -> 10 | J78: =H78+F78 -> 0
D80: Total | E80: =SUM(E9:E79) -> 4473 | F80: =SUM(F9:F79) -> 4473 | G80: =SUM(G9:G79) -> 0 | H80: =SUM(H9:H79) -> 0 | I80: =SUM(I9:I79) -> 4473 | J80: =SUM(J9:J79) -> 4473
E81: =E80-F80 -> 0 | G81: =G80-H80 -> 0 | I81: =I80-J80 -> 0

Sheet Income Statment
B3: របាយការណ៍ចំណេញ/(ខាត)
B4: សំរាប់ខែ Sep
B5: ចំណូល | D5: Current month | E5: Last Month | F5: Year to Date Last month | G5: Year to Date 202​​6 (ខែ1,2,3,4,5,6,7,8,9)
B7: 40001 | C7: ចំណូលពីការលក់
B8: 40002 | C8: ចំណូលពីការសេវាកម្ម
B9: 40004 | C9: ចំណូលពីការលក់ (ក្នុងបូរី) | D9: ='Trial Balance'!F62 -> 1298
B10: 40005 | C10: ចំណូលពីការសេវាកម្ម (ក្នុងបូរី) | D10: ='Trial Balance'!F63 -> 75
B11: 40006 | C11: ចំណូលផ្សេងៗ
B13: ចំណូលសរុប | D13: =SUM(D7:D12) -> 1373 | E13: =SUM(E7:E12) -> 0 | F13: =SUM(F7:F12) -> 0 | G13: =F13+D13 -> 1373
B15: 50001 | C15: ចំណាយទៅលើថ្លៃដើម | D15: ='Trial Balance'!E67 -> 1054.37
B17: ចំណេញដុល | D17: =D13-D15-D16 -> 318.63 | E17: =E13-E15-E16 -> 0 | F17: =F13-F15-F16 -> 0 | G17: =F17+D17 -> 318.63
B19: ចំណាយ
B20: 50002 | C20: ចំណាយប្រាក់ខែបុគ្គលិក
B21: 50003 | C21: អត្ថប្រយោជន៍បន្ថែមទៅបុគ្គលិក
B22: 50004 | C22: ចំណាយសំរាប់សំភារៈការិយាល័យ
B23: 50005 | C23: សំភារះជាងប្រើប្រាស់
B24: 50006 | C24: ចំណាយជួល Office
B25: 50007 | C25: ចំណាយទឹកភ្លើង
B26: 50008 | C26: ចំណាយ​ជូសជុល Office
B27: 50009 | C27: ចំណាយទៅលើការផ្សោះផ្សាយ
B28: 50010 | C28: ចំណាយ​ទៅលើកាធ្វើដំណើរ
B29: 50011 | C29: ចំណាយ​ផ្សេងៗ
B30: 50012 | C30: ចំណាយ​បញ្ចុះតម្លៃ | D30: ='Trial Balance'!E78 -> 10
B32: ចំណាយសរុប | D32: =SUM(D20:D30) -> 10 | E32: =SUM(E20:E28) -> 0 | F32: =SUM(F20:F28) -> 0 | G32: =F32+D32 -> 10
F33: 0 | G33: =F33+D33 -> 0
B34: ចំណេញ/​ខាត​(-) | D34: =D17-D32 -> 308.63 | E34: =E17-E32 -> 0 | F34: =F17-F32 -> 0 | G34: =F34+D34 -> 308.63

Sheet Balance sheet
B3: Balance Sheet
B4: សំរាប់ខែ Sep
B6: ទ្រព្យ | D6: Current Month | E6: Last Month | F6: Difference
B7: 11001 | C7: សាច់ប្រាក់នៅបេលា
B8: 11002 | C8: សាច់ប្រាក់នៅធនាគា ACLEDA | D8: ='Trial Balance'!E10 -> 2213
B9: 11003 | C9: សាច់ប្រាក់នៅធនាគា ABA
B10: 12001 | C10: បុគ្គលិកជំពាក់ | D10: ='Trial Balance'!E14 -> 50
B11: 12002 | C11: អតិថិជនជំពាក់
B12: 12003 | C12: គណនីត្រូវទទូលផ្សេងៗ
B13: 13110 | C13: ម៉ាស៊ីនត្រជាក់ជាប់ជញ្ជាំង Panasonic | D13: ='Trial Balance'!E19 -> 906.67
B14: 13120 | C14: ម៉ាស៊ីនត្រជាក់ជាប់ពិដាន Panasonic
B15: 13130 | C15: ម៉ាស៊ីនត្រជាក់បញ្ឈរ Panasonic
B16: 13210 | C16: ម៉ាស៊ីនត្រជាក់ជាប់ជញ្ជាំង Daikin
B17: 13220 | C17: ម៉ាស៊ីនត្រជាក់ជាប់ពិដាន Daikin
B18: 13230 | C18: ម៉ាស៊ីនត្រជាក់បញ្ឈរ Daikin
B19: 13310 | C19: ម៉ាស៊ីនត្រជាក់ជាប់ជញ្ជាំង LG
B20: 13320 | C20: ម៉ាស៊ីនត្រជាក់ជាប់ពិដាន LG
B21: 13330 | C21: ម៉ាស៊ីនត្រជាក់បញ្ឈរ LG
B22: 13310 | C22: ម៉ាស៊ីនត្រជាក់ជាប់ជញ្ជាំង Gree
B23: 13320 | C23: ម៉ាស៊ីនត្រជាក់ជាប់ពិដាន Gree
B24: 13330 | C24: ម៉ាស៊ីនត្រជាក់បញ្ឈរ Gree
B25: 13400 | C25: ទុយោស្ពាន់
B26: 13500 | C26: ហ្គេនទុយោស្ពាន់ | D26: ='Trial Balance'!E32 -> 238.96
B27: 13600 | C27: ប្រអប់ខ្សែភ្លើង
B28: 13700 | C28: ខ្សែភ្លើង
B29: 14100 | C29: ម៉ាស៊ីនបោកខោអាវ
B30: 14200 | C30: ទូទឹកកក
B31: 14300 | C31: ម៉ូទ័រជុំរុញទឹក
B32: 14400 | C32: (ឆ្នាំងបាយ,កង្ហា,ម៉ាស៊ីនទឹកក្តៅទឹកត្រជាក់....)
B33: 14500 | C33: សម្ភារះសម្រាប់ជាងប្រប្រាស់
B34: 18100 | C34: ម៉ាស៊ីនត្រជាក់
B35: 18200 | C35: ម៉ាស៊ីនបោកខោអាវ
B36: 18300 | C36: ទូទឹកកក
B37: 18400 | C37: ម៉ូទ័រជុំរុញទឹក
B39: ទ្រព្យសរុប | D39: =SUM(D7:D38) -> 3408.63 | E39: =SUM(E7:E38) -> 0 | F39: =SUM(F7:F38) -> 0
B41: បំណុល
B42: 20001 | C42: ជំពាក់ថ្លៃម៉ាស៊ីនត្រជាក់
B43: 20002 | C43: ជំពាក់ម៉ាស៊ីនបោកក់
B44: 20003 | C44: ជំពាក់ទៅអ្នកផ្គត់ផ្គង់ផ្សេងៗ
B45: 20004 | C45: អតិថិជនកក់
B46: 20005 | C46: ភ្ញៀវអោយធីបជាង
B47: 21001 | C47: អត្ថប្រយោជន៍បន្ថែមទៅបុគ្គលិក
B50: បំណុលសរុប | D50: =SUM(D48:D49) -> 0 | E50: =SUM(E48:E49) -> 0 | F50: =SUM(F48:F49) -> 0
B52: មូលធន
B53: 30001 | C53: ដើមទុនវិនិយោគ | D53: ='Trial Balance'!F56 -> 3100
B54: 30002 | C54: ចំណេញ/​ខាត​(-) ក្នុងឆ្នាំ 2026
B55: 30003 | C55: ចំណេញ/​ខាត​(-) មុនឆ្នាំ2026
C56: ចំណេញ/​ខាត​(-) ប្រចាំខែ | D56: ='Income Statment'!D34 -> 308.63
B58: មូលធនសរុប | D58: =SUM(D53:D57) -> 3408.63 | E58: =SUM(E53:E55) -> 0 | F58: =SUM(F53:F55) -> 0
B60: Total Liabilitiest and Equity | D60: =D58+D50 -> 3408.63 | E60: =E58+E50 -> 0 | F60: =F58+F50 -> 0
C62: Checked | D62: =D60-D39 -> 0
